Datetime,temperature,wind_speed,wind_direction,humidity,pressure,solar_radiation
1/1/2018,1.3,3.1,290,36.1,2.4,1.88
1/2/2018,1.5,2.3,290,50.6,3.4,1.65
1/3/2018,0.3,2.9,320,30,1.8,1.77
1/4/2018,0.6,1.7,290,38.5,2.4,1.77
1/5/2018,2.1,2.5,290,36.5,2.5,1.9
1/6/2018,1.1,2.5,290,42,2.7,1.93
1/7/2018,-0.5,0.7,340,54,3.1,0.91
1/8/2018,2.2,1.8,290,80.6,5.8,0.61
1/9/2018,-0.1,4.9,290,56,3.3,1.85
1/10/2018,-2.9,4,290,55,2.8,1.95
1/11/2018,-6.6,4.6,290,45.4,1.7,2.03
1/12/2018,-6.6,3.1,290,38.9,1.4,2.08
1/13/2018,-2.5,1.1,290,56,2.9,1.87
1/14/2018,-0.8,0.8,110,68.8,3.8,2.15
1/15/2018,4.3,1.1,290,61.3,4.8,1.87
1/16/2018,3.4,0.9,140,82.5,6.5,1.02
1/17/2018,4.5,1.3,270,92.8,7.8,0.98
1/18/2018,5.8,1.9,290,62.8,5.7,1.36
1/19/2018,2.5,1.7,270,46,3,1.56
1/20/2018,1.8,1.2,250,57.1,3.9,1.79
1/21/2018,2.4,0.8,110,55.4,3.7,1.83
1/22/2018,4.5,1.7,290,52.1,4.3,1.58
1/23/2018,-4.7,5.5,290,35.3,1.6,2.19
1/24/2018,-9.4,5.2,290,29.1,0.9,2.12
1/25/2018,-8.7,4,290,31.9,1,1.9
1/26/2018,-8.9,3.9,290,31,1,2.24
1/27/2018,-5.6,1.1,290,34.1,1.2,2.14
1/28/2018,-1.1,3.5,290,27.9,1.6,2.12
1/29/2018,-4.9,4.7,290,34.9,1.4,2.18
1/30/2018,-3.5,2.6,270,40.4,1.9,2.18
1/31/2018,-0.3,1.6,290,44,2.5,1.86
2/1/2018,-0.2,1.5,270,33.9,1.9,2.21
2/2/2018,-1.5,1.4,270,36.9,1.9,1.73
2/3/2018,-3.2,3.9,290,39.5,1.9,2.37
2/4/2018,-6.4,4.7,290,35.4,1.3,2.32
2/5/2018,-6.2,4.6,290,32.6,1.2,2.39
2/6/2018,-6.7,3.6,290,37,1.3,2.41
2/7/2018,-5.3,2.8,290,31.9,1.2,2.38
2/8/2018,-3.1,0.8,290,35.8,1.6,2.15
2/9/2018,2.3,1,290,42.3,3.1,1.91
2/10/2018,3.3,3,290,41.5,3.2,1.6
2/11/2018,-2.3,4.3,270,39.3,2,2.04
2/12/2018,-2.7,3.9,290,53.3,2.7,2.28
2/13/2018,0.7,3,290,43.5,2.5,2.48
2/14/2018,6.6,2.2,270,46.8,4.5,2.2
2/15/2018,5,2.3,290,27.8,2.3,2.47
2/16/2018,3,2,290,33.3,2.2,2.18
2/17/2018,1.3,3.8,290,21.8,1.4,2.6
2/18/2018,2.1,2.1,290,22.6,1.6,1.73
2/19/2018,4.8,1.3,320,29.6,2.3,2.41
2/20/2018,4.3,2,290,34.8,2.8,2.05
2/21/2018,2.8,2.7,290,21.4,1.6,1.72
2/22/2018,2.2,1.4,270,29.8,2.1,2.46
2/23/2018,4.3,1.1,250,48.9,4.1,2.36
2/24/2018,6.4,2,110,53.5,5,1.95
2/25/2018,6.3,1.4,140,58.5,5.3,2.16
2/26/2018,4.9,1.7,140,48.3,3.6,2.65
2/27/2018,7,1.2,270,51.9,4.6,2.13
2/28/2018,7.4,4,90,80.4,8.3,0.52
3/1/2018,5.1,5.9,290,47.1,4.2,2.81
3/2/2018,3.5,2.4,290,33.3,2.4,2.83
3/3/2018,8.2,1,290,47.3,4.9,2.51
3/4/2018,12.7,1.6,110,72.4,10.7,2.06
3/5/2018,5.3,4.2,110,81.3,7.4,0.67
3/6/2018,5.2,2.7,90,59.9,5.2,2.84
3/7/2018,4.7,2.4,90,72.4,6.2,0.96
3/8/2018,2,1.4,290,94.9,6.7,0.73
3/9/2018,2.9,2.1,110,82.5,6.1,1.73
3/10/2018,6.9,1.9,290,60.6,5.6,2.81
3/11/2018,8.6,1.7,320,46.1,4.9,2.8
3/12/2018,9.8,1,200,54,6,2.73
3/13/2018,13.3,1.6,270,58.9,8.3,2.86
3/14/2018,16,1.5,270,60,10.1,2.74
3/15/2018,14.8,0.9,140,88.8,14.9,0.45
3/16/2018,4,5,110,64.9,5.3,1.97
3/17/2018,5.5,1.2,110,56.1,4.7,3.01
3/18/2018,9.1,0.9,290,68.8,7.8,2.33
3/19/2018,8.1,3.6,110,92.4,10.1,0.4
3/20/2018,5.2,5.3,110,52.1,4.6,2.7
3/21/2018,1.7,1.5,90,93.3,6.4,0.61
3/22/2018,6,2.6,270,60.5,5.4,3.1
3/23/2018,7.9,1.2,250,54.9,5.1,3.09
3/24/2018,11.7,2.4,290,47.1,6.2,2.77
3/25/2018,13.9,2,270,41.6,5.7,3.12
3/26/2018,15.3,2.4,290,36.8,5.9,3.09
3/27/2018,16.3,1.7,320,44.4,7.6,2.94
3/28/2018,18.2,2,270,37.8,7.1,3.08
3/29/2018,15.1,2.8,110,54.4,9,2.6
3/30/2018,12.9,4,110,50.3,7.3,3
3/31/2018,15.2,1.6,290,48.8,7.8,2.84
4/1/2018,17.5,1.1,270,52.4,10.2,2.39
4/2/2018,19.7,1.6,270,61,13,3.01
4/3/2018,20.2,1.6,290,60,13.4,3.02
4/4/2018,10.5,4.6,110,84,10.7,0.36
4/5/2018,8.2,3.3,90,84.1,9,0.55
4/6/2018,9.5,4,290,63.1,7.1,3.09
4/7/2018,6.2,5.9,290,35,3.2,2.93
4/8/2018,8.9,2.9,270,41.6,4.5,3.08
4/9/2018,13.5,2,290,39.9,5.7,3.02
4/10/2018,15.5,2.2,180,52,8.9,3.11
4/11/2018,19,3.7,320,41.8,8.8,3.2
4/12/2018,16.4,2.9,270,24.4,4.3,3.11
4/13/2018,12.8,3.5,70,38.5,5.6,2.54
4/14/2018,10.5,2.9,290,81.5,10.2,0.37
4/15/2018,12.8,4,340,50.1,7.1,2.95
4/16/2018,12.2,2.7,90,57,7.7,3.35
4/17/2018,14.6,1.2,140,55.8,8.4,3.2
4/18/2018,16.9,1.5,270,43.4,7.3,3.37
4/19/2018,19.2,2.1,270,30.1,5.4,3.35
4/20/2018,21.5,1.3,270,33.9,8.1,3.16
4/21/2018,21.8,1.3,180,35.1,7.9,3.29
4/22/2018,16.1,2.9,110,61.8,11.2,1.05
4/23/2018,10.4,4.6,110,90.6,11.3,0.4
4/24/2018,11.2,2.6,110,88.6,11.8,0.72
4/25/2018,13.2,1.6,110,50.3,6.7,3.4
4/26/2018,16.4,1.3,290,44.9,7.2,2.97
4/27/2018,17.4,2.8,140,35.1,6.8,3
4/28/2018,17.8,1.8,290,43.1,7.9,3.41
4/29/2018,19,1.8,290,37.1,7.5,3.47
4/30/2018,21,1.9,270,54.9,13.2,3.18
5/1/2018,20.1,1.5,110,70,16.2,2.67
5/2/2018,15.1,3.2,290,85.1,14.7,0.61
5/3/2018,14.1,5.3,270,43.6,6.7,3.4
5/4/2018,16.1,4.1,270,33.5,5,3.48
5/5/2018,19.9,1.9,270,29.5,6.6,2.86
5/6/2018,16.2,1.7,110,93.5,17.2,0.28
5/7/2018,15.5,2.7,110,87.4,15.3,1.46
5/8/2018,14.3,3.7,110,68.5,11.2,1.59
5/9/2018,12.9,3.4,110,62.6,9.2,3.57
5/10/2018,17.6,1.7,110,51.4,9.5,3.41
5/11/2018,19.7,1.7,290,46.5,9.6,3.36
5/12/2018,17.7,1.1,250,70.5,14.2,0.5
5/13/2018,20.6,2.3,290,68.3,15.8,3.43
5/14/2018,22.2,1.6,270,55.8,13.8,3.31
5/15/2018,24.6,1.3,270,53.6,15.5,3.22
5/16/2018,24.8,1.3,180,77.8,24.2,1.04
5/17/2018,26.5,2,200,68.6,23.4,3
5/18/2018,16.9,4,110,85.1,16.8,1.25
5/19/2018,14.4,4.4,110,62.1,9.9,3.34
5/20/2018,14.4,3.9,110,65.1,10.4,3.68
5/21/2018,15.2,3.8,140,71.6,12.3,2.47
5/22/2018,18.5,1.6,140,69.6,13.9,3.41
5/23/2018,20.1,2.5,290,59.4,12.9,3.63
5/24/2018,21.2,1.9,290,45.6,9.9,3.49
5/25/2018,22.8,1.8,290,40.1,10.4,3.35
5/26/2018,22.5,1.7,140,47.8,11.7,3.39
5/27/2018,22.2,1.4,140,56.3,14.4,2.78
5/28/2018,22.8,1.6,90,60.1,16.2,2.73
5/29/2018,23.9,1.2,320,64.3,18.2,3.26
5/30/2018,21.9,1.6,360,79.3,20.5,2.44
5/31/2018,21.8,2.1,270,53.8,13.5,3.54
6/1/2018,24.3,1.3,320,53.1,14.6,3.43
6/2/2018,26.8,1.9,290,42.4,13.6,3.42
6/3/2018,25.2,1.3,270,42.1,12.5,3.35
6/4/2018,25.3,1.6,250,48.9,15.1,2.86
6/5/2018,22.6,1.6,340,64,17.3,2.43
6/6/2018,24.6,1.1,290,57.9,16.7,3.24
6/7/2018,27,1.5,270,52.5,17.4,3.3
6/8/2018,25.6,2.4,110,50.1,15.6,2.81
6/9/2018,20.2,5.3,110,62.8,14.7,2.41
6/10/2018,18.7,4.4,110,71.5,15.2,2.24
6/11/2018,17,2.4,110,81,15.6,1.18
6/12/2018,19.1,2.2,110,64.4,14,2.84
6/13/2018,20.3,3,90,65,15.4,3.41
6/14/2018,20.1,4,90,64.1,14.8,2.84
6/15/2018,19.1,4,110,59,12.9,3.41
6/16/2018,18.7,3.5,110,60.1,12.7,3.61
6/17/2018,21.9,1.8,140,57.8,14.1,2.77
6/18/2018,25.4,1.4,200,56.3,17.2,3.28
6/19/2018,22.4,1.1,270,74.8,20.1,1.3
6/20/2018,24.7,2.4,270,55.3,16.2,3.2
6/21/2018,25.4,2.2,320,42.4,12.8,3.54
6/22/2018,25.6,1.3,110,41.6,12.9,3.32
6/23/2018,26.4,2,290,42,13.7,3.39
6/24/2018,28.6,2.9,290,39.8,14.5,3.4
6/25/2018,28.2,1.4,160,44.3,15.8,3.16
6/26/2018,26,1.4,140,68.9,23.2,0.87
6/27/2018,25.8,1.6,290,78.8,25.4,3.33
6/28/2018,23.3,1.2,270,86.1,24.4,0.98
6/29/2018,25.7,1.3,160,74.5,24.2,2.31
6/30/2018,22.7,1.5,110,89.5,24.6,0.69
7/1/2018,24.7,2.4,160,82.1,25,2.66
7/2/2018,24.5,1.5,290,90.9,27.7,2.19
7/3/2018,23.9,2.8,90,86.5,25.5,2.13
7/4/2018,26.2,2.9,140,75.3,24.6,3.52
7/5/2018,22.4,3.1,110,89.1,24,1.83
7/6/2018,20.8,3.5,110,84.3,20.6,0.76
7/7/2018,20.2,3.8,110,65,15.2,3.21
7/8/2018,19.4,3.6,110,70.3,15.7,1.8
7/9/2018,19.2,3.1,110,88.3,19.6,0.61
7/10/2018,24.6,1.9,110,75.9,23,3.44
7/11/2018,28.2,1.1,110,69.5,26,2.32
7/12/2018,29.6,1.5,270,66,26.6,2.9
7/13/2018,30.6,1.6,320,61.1,26,2.95
7/14/2018,30.7,1.7,270,58.3,24.7,3.39
7/15/2018,31.3,1.6,340,55.8,24.4,3.33
7/16/2018,31.3,1.4,250,56,24.5,3
7/17/2018,30.9,1.8,290,56.9,24.8,2.95
7/18/2018,30.7,1.3,340,56.6,24.2,2.87
7/19/2018,31,1.2,340,58.6,25.2,2.75
7/20/2018,31.5,1.4,290,54.9,24.1,3.2
7/21/2018,31.1,1.5,290,58.9,25.8,2.74
7/22/2018,31.1,1.4,200,57.3,25.1,2.45
7/23/2018,32.2,1.5,270,49,22.6,3.25
7/24/2018,32.2,1.5,270,54.1,25,3.08
7/25/2018,32.3,1.9,270,56,26.2,2.58
7/26/2018,33.1,1.8,340,53.5,26.1,2.56
7/27/2018,32.4,1.9,110,58.3,27.4,3.23
7/28/2018,29.3,3.3,110,66.1,26.4,2.62
7/29/2018,30.3,2.4,70,53.9,21.9,3.3
7/30/2018,28.5,4,110,65,24.8,3.07
7/31/2018,29.2,3,110,60.4,23.8,3.02
8/1/2018,30.4,2.5,90,56.5,23.1,3.36
8/2/2018,30.8,2.7,90,56.1,23.9,3.36
8/3/2018,31,1.9,160,55,23.7,2.79
8/4/2018,32.3,2.4,340,52.3,24.5,3.16
8/5/2018,32.2,3,290,50.9,23.9,2.57
8/6/2018,30.4,2.3,110,61.1,26.1,2.81
8/7/2018,28.4,3.7,110,65.6,25,3.34
8/8/2018,29.1,2.5,90,62.8,24.6,2.88
8/9/2018,29.3,2.9,110,62.9,24.8,2.96
8/10/2018,25.9,2.7,110,83.5,27.7,2.92
8/11/2018,26.5,2.9,110,74.9,25.7,1.8
8/12/2018,27.7,1.9,140,76.6,28.2,2.51
8/13/2018,30.6,1.4,160,64.9,27.5,2.34
8/14/2018,30.7,1.9,90,57.6,24.2,3.19
8/15/2018,28.7,2.5,90,68.3,26.2,3.15
8/16/2018,26.2,3.2,90,77.3,26.2,2.81
8/17/2018,24.5,3.7,110,55.8,16.9,3.19
8/18/2018,23.8,2.3,110,59.8,17.1,2.97
8/19/2018,24.9,1.9,110,60.1,17.9,3.23
8/20/2018,26.3,2.3,110,61.9,20.2,3.26
8/21/2018,29.3,1.8,180,55,21.2,3.24
8/22/2018,29.4,3.3,110,60.8,24.4,2.64
8/23/2018,27.6,4.7,110,75.3,27.6,0.94
8/24/2018,29.2,4.2,250,61.8,24.5,3.36
8/25/2018,25.4,1.5,270,68.6,21.9,2.7
8/26/2018,20.8,1.2,270,95.1,23.3,0.72
8/27/2018,22.9,1,140,95.3,26.6,0.64
8/28/2018,25.7,1.4,140,85.3,27.6,2.41
8/29/2018,27.6,1.4,180,70.3,24.8,3.15
8/30/2018,27.7,1.9,270,75.3,27.4,1.97
8/31/2018,23.7,1.2,290,89.1,26.1,0.89
9/1/2018,23.2,3.2,110,74.6,20.8,2.81
9/2/2018,22.2,3.1,110,73.6,19.4,2.41
9/3/2018,23.4,1.8,140,90.6,26,1.84
9/4/2018,24.7,2.7,320,65.6,19.5,2.83
9/5/2018,25,3,290,49.5,15,3.08
9/6/2018,22.5,0.8,340,65.8,17.6,1.9
9/7/2018,22.8,1.8,270,67.3,18.4,2.47
9/8/2018,20,1.1,340,69.8,16,1.83
9/9/2018,20.5,1.8,110,71.8,16.7,2.96
9/10/2018,20.6,2.5,110,63.8,15,2.89
9/11/2018,19.6,2.4,90,64.4,14.3,2.2
9/12/2018,21.1,2.7,110,67.5,16.9,2.86
9/13/2018,21.3,1.7,110,77.8,19.6,1.03
9/14/2018,21.8,2.3,110,88.9,23.1,0.78
9/15/2018,22.1,1.8,110,87.8,23.1,1.2
9/16/2018,24.3,1.7,320,74.1,22.1,2.43
9/17/2018,23.6,1.7,340,63.5,18,2.84
9/18/2018,22.9,1.3,290,62.1,16.2,2.85
9/19/2018,22,1.2,140,77.3,20,1.54
9/20/2018,20.5,2.2,110,86.6,20.8,0.83
9/21/2018,19.7,1.2,140,92.5,21.1,0.39
9/22/2018,21.2,1.5,290,71.4,17.2,2.34
9/23/2018,20.8,1.6,270,60.3,14,2.28
9/24/2018,17.8,1.4,270,62.8,12.4,1.6
9/25/2018,16.8,1.8,110,67.3,12.3,3.05
9/26/2018,17.7,1.8,90,62.6,12.4,1.95
9/27/2018,16.8,1.9,90,65.8,12.1,3.02
9/28/2018,16.8,1.6,90,70.9,13.4,1.75
9/29/2018,18.2,1.1,110,79.4,16.5,1.02
9/30/2018,20.4,2.8,290,55.5,12.9,2.78
10/1/2018,17.5,4,270,47,9.2,2.86
10/2/2018,17.2,1.5,290,55.1,10.2,2.79
10/3/2018,16.8,1.3,110,65.8,11.9,2.72
10/4/2018,18.3,2.6,90,70.1,14.2,2.46
10/5/2018,18.3,2.1,110,94.5,19.8,0.28
10/6/2018,20.3,4.4,290,83.3,19.8,0.7
10/7/2018,19.9,1.7,290,63.5,14.2,2.69
10/8/2018,16.5,2.2,270,43.3,7.8,2.77
10/9/2018,15.3,1,110,72.9,12.5,1.7
10/10/2018,15.3,2.7,320,57.6,10,2.26
10/11/2018,12.3,3.5,290,40,5.5,2.72
10/12/2018,11.6,1,270,58.4,7.5,2.67
10/13/2018,13.5,1.2,110,66.3,9.8,2.52
10/14/2018,14.5,1,290,68.8,10.8,2.4
10/15/2018,15.8,1.6,290,58.8,10.1,2.44
10/16/2018,13.8,0.7,110,77.9,12.1,0.86
10/17/2018,13.7,1,340,70.1,10.3,2.31
10/18/2018,13,1.4,320,63.4,9.2,2.52
10/19/2018,13.9,1.8,110,60,9.1,2.53
10/20/2018,12.4,1,140,62.8,8.3,2.46
10/21/2018,12.2,0.9,110,60,7.5,2.48
10/22/2018,13.3,1,340,71,10.4,1.84
10/23/2018,15.5,1.2,290,67.1,11.3,2.11
10/24/2018,14.5,1.3,290,55.6,8.6,2.41
10/25/2018,12.5,1.1,110,65.1,8.7,2.45
10/26/2018,12.5,1.4,290,81.3,11.7,0.47
10/27/2018,12,4.2,270,42.3,5.9,2.53
10/28/2018,11.7,1.9,320,58.3,7.7,2.32
10/29/2018,11,2,290,64.3,8.3,1.9
10/30/2018,9,2.7,270,46.1,5.1,2.43
10/31/2018,9.2,1.5,290,53.6,5.9,2.12
11/1/2018,8.9,1.2,250,55.6,5.8,2.3
11/2/2018,9,0.8,340,60.5,6.3,2.26
11/3/2018,10.1,0.9,250,58.5,6.4,2.29
11/4/2018,11,0.8,270,55.9,6.5,2.23
11/5/2018,10.8,1.2,140,67.3,8.2,2.02
11/6/2018,13,1.2,90,73.9,10.4,2.09
11/7/2018,13.8,0.6,110,83.8,13.1,0.76
11/8/2018,15,1.8,270,92.4,15.7,0.45
11/9/2018,13.8,3.1,290,59.1,9.2,2
11/10/2018,11.1,0.8,270,68,8.4,2.05
11/11/2018,10.7,1,270,75.3,9.4,1.72
11/12/2018,11.4,1.2,110,68.5,8.9,1.89
11/13/2018,10.5,1.5,90,70.4,8.7,1.77
11/14/2018,9.9,1.5,110,73,8.4,2.06
11/15/2018,9.2,0.9,290,72.3,7.9,1.94
11/16/2018,8.8,0.9,270,78.3,8.7,0.71
11/17/2018,9,0.9,270,63.3,6.9,2
11/18/2018,8.2,1.7,290,44.1,4.5,0.85
11/19/2018,8.2,1.1,250,51.9,5.4,1.89
11/20/2018,7.7,1.2,270,40.5,3.9,2.01
11/21/2018,6.4,1.3,270,53.6,5,1.32
11/22/2018,5.6,3.5,290,36.3,3.2,2.1
11/23/2018,3,1.6,290,42.3,3,2.07
11/24/2018,1.4,1.1,110,64.8,4.4,0.6
11/25/2018,4.5,1,270,83,6.9,1.35
11/26/2018,5.8,0.8,270,70.9,6.2,1.83
11/27/2018,8.2,1.2,290,68.5,7.1,1.84
11/28/2018,7.1,1.1,290,53.4,5,1.65
11/29/2018,5.8,0.8,320,48,4,1.52
11/30/2018,7.2,1.1,290,50,4.9,1.77
12/1/2018,6.4,0.9,110,52.6,4.9,1.55
12/2/2018,7.7,0.8,110,70,7.2,1.44
12/3/2018,12.1,0.7,270,86.1,12.2,0.87
12/4/2018,12.1,2.9,320,73,10.5,0.75
12/5/2018,6.5,2.1,290,40.1,3.9,1.82
12/6/2018,5.6,2.8,290,62.3,5.6,0.89
12/7/2018,-1.9,5.3,320,35.4,1.9,1.04
12/8/2018,-4.2,4,290,36.4,1.6,1.85
12/9/2018,-3,2.9,290,30.4,1.4,1.98
12/10/2018,-1.6,0.6,290,46.6,2.4,1.81
12/11/2018,0.4,0.9,270,80.6,5.1,0.41
12/12/2018,0.8,2.9,290,44.9,2.9,1.84
12/13/2018,1.1,2.7,290,48.6,3.2,1.77
12/14/2018,-0.8,2.7,290,38.1,2.1,1.92
12/15/2018,-1.2,0.8,290,45.1,2.3,1.87
12/16/2018,-0.8,0.6,270,75.8,4.4,0.96
12/17/2018,2.8,2.1,290,59,4,1.68
12/18/2018,3.6,1.8,270,55.8,4.3,1.74
12/19/2018,5.1,0.9,270,60.5,5.1,1.62
12/20/2018,4.1,0.7,110,64.1,5.2,0.65
12/21/2018,4.8,0.8,270,65.4,5.5,1.48
12/22/2018,6.9,1.2,140,67.9,6.5,1.67
12/23/2018,7.2,3.4,290,45.6,4.6,1.8
12/24/2018,1.5,2.6,290,30,2,1.94
12/25/2018,0.4,0.9,270,52.3,3.2,1.25
12/26/2018,4.2,2,290,37.5,3,1.64
12/27/2018,-3.3,5.2,290,18.6,0.9,1.93
12/28/2018,-5.7,3.8,290,36,1.4,1.92
12/29/2018,-4.2,4.2,290,30.6,1.3,1.96
12/30/2018,-3.6,2,290,33,1.5,1.9
12/31/2018,-1.3,1.4,290,32.6,1.6,1.87
1/1/2019,-0.6,3.8,290,49.3,2.9,1.71
1/2/2019,-0.5,2.7,290,39.3,2.2,1.92
1/3/2019,0,2.3,290,30.1,1.7,1.95
1/4/2019,0.9,1.7,270,38,2.3,1.76
1/5/2019,2.4,2,270,38.3,2.7,1.75
1/6/2019,0.6,1.4,270,29.9,1.7,1.89
1/7/2019,1.2,2.2,290,38.3,2.5,1.83
1/8/2019,1.2,3.7,290,38,2.5,1.89
1/9/2019,-1.3,1.7,340,33.6,1.9,1.99
1/10/2019,1.7,3.1,290,41.5,2.8,1.92
1/11/2019,3,1.3,290,54.6,4,1.8
1/12/2019,3.1,0.8,290,88.1,6.7,0.39
1/13/2019,1.8,0.8,290,79.1,5.3,1.77
1/14/2019,2,0.9,290,63,4.1,1.81
1/15/2019,2.6,3.1,320,51.8,3.8,1.66
1/16/2019,-1.9,3.8,290,34.9,1.8,2
1/17/2019,1.5,3.3,290,47,3.2,1.88
1/18/2019,2.5,1.6,270,45.6,3.2,1.91
1/19/2019,4.5,0.9,270,46.1,3.7,1.91
1/20/2019,3.4,4.3,290,39.3,3.1,2.07
1/21/2019,1.9,3.5,270,38.5,2.7,2.08
1/22/2019,3.9,1.7,270,45.9,3.5,2.05
1/23/2019,4.2,2.2,290,41.1,3.2,1.82
1/24/2019,2.8,1.6,270,29.3,2,2.09
1/25/2019,1.1,2.7,290,35.9,2.3,1.86
1/26/2019,-0.3,3.4,290,25.1,1.5,2.19
1/27/2019,0.7,1.6,290,34.5,2.1,2.23
1/28/2019,3.1,2.9,290,35.8,2.6,1.97
1/29/2019,1.6,1,290,39.9,2.6,2.16
1/30/2019,5.2,1.9,270,34.1,2.6,2.06
1/31/2019,1.4,3.1,290,66.1,4.5,0.62
2/1/2019,0,3.6,290,44.8,2.7,2.27
2/2/2019,3,1.8,270,51,3.7,2.26
2/3/2019,5,1.4,290,85.5,7.5,0.74
2/4/2019,4.1,4.1,290,28.9,2.3,2.28
2/5/2019,3.3,0.7,290,41.3,2.8,2.05
2/6/2019,6.6,1,140,40,3.5,2.21
2/7/2019,3.9,3,290,41,3.5,1.8
2/8/2019,-0.1,2.1,290,26.6,1.6,2.31
2/9/2019,0.2,3.5,290,22.5,1.4,2.41
2/10/2019,1,1.6,290,29.3,2,1.37
2/11/2019,0.6,3.6,290,27.8,1.8,2.45
2/12/2019,1.5,1.5,270,37.4,2.5,2.3
2/13/2019,2.6,3.1,290,28.3,2.1,2.23
2/14/2019,2.1,2.2,110,52.1,3.8,2.1
2/15/2019,4.1,2.3,290,54.4,4.3,2.23
2/16/2019,1,3.7,290,45.9,3,2.47
2/17/2019,1.8,3.2,270,31.6,2,2.58
2/18/2019,4.9,1.4,270,27.3,2.3,2.05
2/19/2019,3.6,1.6,290,87,6.9,0.39
2/20/2019,3.8,3.2,290,57.4,4.5,2.16
2/21/2019,3.7,0.8,290,60.1,4.6,2.34
2/22/2019,6,1,140,54.3,4.6,2.33
2/23/2019,5.6,2.1,110,65,5.7,2.39
2/24/2019,6.9,1.4,290,56.1,5,2.59
2/25/2019,9.2,1.4,270,48.5,5.2,2.33
2/26/2019,8.1,1.6,110,51.8,5,2.56
2/27/2019,9.1,1.5,250,67.9,7.7,1.85
2/28/2019,9,1.4,270,60.9,6.5,2.44
3/1/2019,8.4,1.7,290,43.3,4.4,2.7
3/2/2019,8,1.7,90,57.9,5.9,2.09
3/3/2019,10,2.1,110,53,6.2,2.05
3/4/2019,10.9,1.5,140,49.8,6.1,2.64
3/5/2019,10.1,1.2,290,52.6,6,2.09
3/6/2019,11.2,1.4,290,49.8,6.5,2.39
3/7/2019,8.7,2.3,290,55.5,6.1,2.09
3/8/2019,8.5,1,290,52.5,5.1,2.83
3/9/2019,10.9,1.2,290,46,5.4,2.62
3/10/2019,8.5,1.5,140,76,8.3,0.39
3/11/2019,8.2,2,290,69.3,7.1,2.51
3/12/2019,8.4,4,270,55.8,5.9,2.8
3/13/2019,5.3,5,290,30,2.6,2.19
3/14/2019,6.8,1.6,290,30.1,2.8,2.94
3/15/2019,6.8,2.4,290,52,5.2,2.93
3/16/2019,7.6,2.5,290,48.4,4.9,2.84
3/17/2019,8.5,2.3,290,42.9,4.6,2.95
3/18/2019,9,1.4,270,49.6,5.3,2.42
3/19/2019,13.5,1.6,290,43.6,6.2,2.73
3/20/2019,12.6,1.5,160,61.4,8.4,1.24
3/21/2019,13.5,4.4,290,61.8,9.9,2.9
3/22/2019,7.2,3.5,290,40.4,3.9,3.13
3/23/2019,6,3.7,320,42.9,3.8,3.19
3/24/2019,6.6,2.4,270,39.4,3.5,3.2
3/25/2019,9.3,1.8,270,41.5,4.8,2.63
3/26/2019,11.7,2.2,320,44,5.3,3.06
3/27/2019,15,2.2,250,35.1,5.5,2.99
3/28/2019,12.1,3,140,61.6,8.5,2.59
3/29/2019,12.5,1.9,110,60.3,8.2,2.72
3/30/2019,9.2,3.7,270,60.4,6.9,2.6
3/31/2019,6.7,4.4,290,39.6,3.8,3.35
4/1/2019,7.1,3.6,320,34.6,3.4,3.09
4/2/2019,8.1,2.3,320,34.1,3.2,3.28
4/3/2019,9.8,2.3,290,26.3,3,3.3
4/4/2019,13.1,2.9,290,21.9,3.2,3.26
4/5/2019,15.2,3,290,26.5,4.7,2.81
4/6/2019,15.6,1.8,270,25.6,4.4,3.05
4/7/2019,13.1,2.1,110,57.1,8.4,2.02
4/8/2019,13.1,3.6,110,44,5.8,3.18
4/9/2019,9.1,4.2,90,59.3,6.5,2.68
4/10/2019,7.9,2,90,78.5,8.3,0.79
4/11/2019,10.5,1.1,140,64.1,7.8,2.29
4/12/2019,12.8,1.8,290,49.8,6.6,3.41
4/13/2019,13.3,1.7,270,45.3,6.2,3.13
4/14/2019,12.5,2.6,290,44.4,6.4,1.86
4/15/2019,14.2,2.1,290,28.3,4,3.26
4/16/2019,17,1.6,290,26.1,4.3,2.54
4/17/2019,18,3.5,270,33.8,6.6,3.1
4/18/2019,19,3.9,320,45.4,9.2,3.32
4/19/2019,12,3.5,90,59.3,8.3,3.48
4/20/2019,17.1,3,290,48.6,9.1,3.3
4/21/2019,19.4,1.6,140,52.6,11.6,3.32
4/22/2019,17.5,3,110,59.9,11.6,3.01
4/23/2019,16,4.4,160,73,12.9,1.59
4/24/2019,18.1,3.3,290,86.4,17.7,3.42
4/25/2019,14.1,4.3,110,67.8,10.7,3.49
4/26/2019,10.1,2.3,290,89.1,10.9,3.52
4/27/2019,12.6,1.5,140,56.5,7.7,2.89
4/28/2019,13.4,1.9,140,56,8.3,2.97
4/29/2019,10.8,2.5,110,88.8,11.5,3.18
4/30/2019,14.6,4.1,140,82.6,13.5,3.45
5/1/2019,17.9,3.9,290,54.3,10.1,2.01
5/2/2019,19,3.2,320,39.4,7.7,3.75
5/3/2019,19.3,1.8,140,40.5,7.7,3.51
5/4/2019,20.3,1.6,140,49,10.1,1.12
5/5/2019,21.6,4.1,290,41.5,9.4,3.61
5/6/2019,15.1,1.3,110,49.1,8.1,3.59
5/7/2019,15.6,2.4,290,42.6,6.4,2.51
5/8/2019,17.8,2.9,290,31.5,5.6,3.46
5/9/2019,20.1,3.9,290,24.9,5.6,3.55
5/10/2019,21.1,1.3,110,28.5,6.5,1.24
5/11/2019,21.6,3.1,140,36.5,8.2,1.92
5/12/2019,18.5,4.3,90,48.4,9.7,3.03
5/13/2019,19.6,2.2,140,55.4,11.7,3.39
5/14/2019,22.8,2.4,270,55.1,14.6,3.36
5/15/2019,22.7,1.7,140,56.3,14.4,0.89
5/16/2019,23.2,2.1,180,48.5,12.8,0.81
5/17/2019,22.5,3.6,110,45.1,11.5,0.92
5/18/2019,18.1,1.3,110,83.6,17.1,2.48
5/19/2019,19.6,1.5,110,82.4,18.5,3.56
5/20/2019,18.8,2.6,290,56.9,12.3,0.73
5/21/2019,18.6,2.7,270,35.6,6.9,2.47
5/22/2019,21.4,2.8,290,33.5,7.5,3.47
5/23/2019,23.2,1.5,290,39.5,10.1,3.41
5/24/2019,25.5,2.4,290,43.6,13.3,3.41
5/25/2019,25.9,3.1,270,38.4,11.6,2.99
5/26/2019,25.5,1.3,250,37.3,11.1,2.81
5/27/2019,21,2.5,290,75.9,18.8,2.19
5/28/2019,19.5,1.8,290,43,9.3,3.47
5/29/2019,22.5,2.8,290,35.5,8.4,3.59
5/30/2019,23.2,1.7,290,32.8,8.6,3.49
5/31/2019,19.9,2.2,290,58,12.8,3.37
6/1/2019,21.3,2.1,270,46.5,11.2,3.07
6/2/2019,23.2,1.4,290,46.1,12.1,3.22
6/3/2019,25.4,1.7,290,44.8,13.5,0.65
6/4/2019,27.1,2.7,270,46.4,15.4,3.4
6/5/2019,27.4,2.1,290,41.4,13.8,3.32
6/6/2019,24.3,1.3,110,60.3,17.5,2.86
6/7/2019,18.5,1.3,110,95.4,20.3,3.2
6/8/2019,21.1,1.8,140,71.1,16.8,3.38
6/9/2019,18.6,2.6,110,70.9,15,3.36
6/10/2019,19,2.6,90,63.9,13.7,3.2
6/11/2019,19.4,1.4,110,63.9,14.1,1.19
6/12/2019,21.1,2.4,90,60.5,14.7,2.33
6/13/2019,22.9,2.2,140,55.3,14.3,3.01
6/14/2019,20.2,2.9,110,68.6,16.1,2.55
6/15/2019,21.3,2.9,90,75,17.6,1.04
6/16/2019,20.8,3.5,110,71.4,16.8,1.55
6/17/2019,24,2.5,290,57.1,16.2,3.02
6/18/2019,24.1,1.3,290,60.1,17.6,2.18
6/19/2019,24.6,1.8,290,60.1,18.2,3.41
6/20/2019,26.8,2,270,54,18.2,3.55
6/21/2019,25.5,3.1,110,62.4,19.1,3.46
6/22/2019,21.5,3.4,110,62.4,15.7,3.41
6/23/2019,21.5,3.4,140,61.4,15.2,3
6/24/2019,23.1,1.8,90,62.4,17,2.97
6/25/2019,25,1.5,110,61.8,18.4,3.44
6/26/2019,19.7,1.3,140,91.5,20.9,2.69
6/27/2019,24.4,3.3,140,87.4,26.5,3.43
6/28/2019,23.6,3.2,110,86.5,24.8,2.61
6/29/2019,21.5,1.9,110,95.4,24.3,3.11
6/30/2019,25.7,2.3,290,74.8,24,2.6
7/1/2019,24.3,2.9,320,77.6,23.2,3.44
7/2/2019,25.2,3.8,290,61.3,18.5,3.28
7/3/2019,24.8,3.9,320,67.1,20.4,1.15
7/4/2019,26.4,2.9,110,59.9,19.4,3.59
7/5/2019,26.4,1.7,90,61.9,20.2,1.31
7/6/2019,24,1.2,110,69.5,20,1.15
7/7/2019,22.9,0.7,110,65.3,17.9,0.85
7/8/2019,22.3,2,110,68.8,18.3,3.2
7/9/2019,21.6,2,110,73.3,18.7,2.47
7/10/2019,21.4,1.4,110,86.9,22,2.4
7/11/2019,24.4,1.6,290,82.4,24.7,3.21
7/12/2019,25.3,1.2,320,64.6,20.4,3.19
7/13/2019,24.4,1.1,140,72.8,21.9,2.72
7/14/2019,24.6,1.1,110,73.9,22.3,3.16
7/15/2019,23.2,1.8,110,82.3,23.1,3.43
7/16/2019,24.6,2.6,110,78.8,23.9,3.27
7/17/2019,25,2.8,110,75,23.3,3.01
7/18/2019,24.1,2.1,140,85.8,25.5,2.63
7/19/2019,24.2,1.3,140,96.3,28.9,2.6
7/20/2019,24.6,2,110,98.3,30.3,2.99
7/21/2019,25.7,2.9,250,91.5,29.9,3.35
7/22/2019,28.5,3.2,320,76.1,28.6,2.84
7/23/2019,29.5,2.6,320,73.6,29.5,2.73
7/24/2019,28.1,3,290,74.5,27.9,2.83
7/25/2019,27.5,2.4,180,87.5,32,2.67
7/26/2019,29.1,2.6,180,74.5,29.6,3.57
7/27/2019,28.1,2.6,340,84.6,32,2.84
7/28/2019,29.3,2.3,200,72.9,29.3,3.64
7/29/2019,29.4,1.5,250,69.9,27.9,3.56
7/30/2019,30.4,1.3,250,67.1,28.3,3.11
7/31/2019,31,1.5,270,64.5,28.4,3.18
8/1/2019,31.1,1.4,290,65.3,28.8,2.9
8/2/2019,31.6,1.3,140,64.6,29.2,2.41
8/3/2019,29.5,1.3,290,68.6,27.7,3.22
8/4/2019,30.3,1.1,140,67.1,28,3.14
8/5/2019,29.9,1.4,140,64.1,26.1,3.31
8/6/2019,26.3,1.8,110,82.1,27.7,3.38
8/7/2019,28.4,1.6,270,80.3,30.4,3.44
8/8/2019,28.7,1.8,270,76,29.2,1.15
8/9/2019,29.8,2.5,290,72.5,29.4,2.51
8/10/2019,28.8,2.4,90,73.9,28.7,2.73
8/11/2019,29.7,1.4,110,66,27.1,3.01
8/12/2019,30,2.4,160,68.8,28.6,2.9
8/13/2019,29.4,2.3,110,72.3,28.8,2.4
8/14/2019,29.1,1.4,110,72,28.7,1.86
8/15/2019,27.3,1.7,290,87.6,31.6,2.12
8/16/2019,28.7,2.2,290,68.5,26.7,2.49
8/17/2019,28.9,1.5,270,62.5,23.4,1.36
8/18/2019,28.5,1.8,340,60.5,22.6,1.62
8/19/2019,26.9,1.3,90,72.9,25.6,1.62
8/20/2019,26.9,1.8,110,68,23.7,2.64
8/21/2019,26,2.3,110,84.9,28.5,0.71
8/22/2019,26.2,1.4,290,87.5,29.4,2.35
8/23/2019,26.4,1.6,290,62.8,21.3,0.76
8/24/2019,23.4,1.6,290,74.9,21.2,0.8
8/25/2019,24.8,1.1,270,71.6,21.5,0.98
8/26/2019,25.4,1.2,110,71.8,22.3,3.16
8/27/2019,22.5,1.2,290,95.1,25.8,1.6
8/28/2019,23.6,1.4,340,94.4,27.4,3.04
8/29/2019,23.3,1.3,340,94.1,26.9,1.99
8/30/2019,24.5,1.2,270,72.9,21.5,2.61
8/31/2019,23.9,1.9,290,72.3,20.7,2.87
9/1/2019,21.9,2.4,110,89.9,23.3,1.79
9/2/2019,20.8,2.5,140,97.1,23.8,1.99
9/3/2019,21.6,1.4,110,95.9,24.7,2.32
9/4/2019,24.1,2,110,91.4,27.4,3.05
9/5/2019,25.5,1.7,110,87.5,28,1.45
9/6/2019,26.7,2.3,90,81.3,28,2.65
9/7/2019,27.1,1.2,140,74.3,26.4,1.5
9/8/2019,26,1.7,340,76.5,25.1,3.1
9/9/2019,26.8,0.9,140,79.3,27.5,2.92
9/10/2019,27.4,0.9,140,70.8,25.2,1.22
9/11/2019,25.3,1,110,74.6,23.7,3.07
9/12/2019,20.2,2,110,87.8,20.6,2.9
9/13/2019,21.5,3.4,110,75.5,18.9,1.91
9/14/2019,23,3.5,340,73.3,20,1.22
9/15/2019,23.9,3.9,90,74.5,22,3.19
9/16/2019,21.9,2.9,110,66.8,17.1,2.42
9/17/2019,21,2.5,90,65.4,15.6,1.12
9/18/2019,22.5,1.6,90,61.6,15.3,3.18
9/19/2019,20.9,2.1,110,61.6,14.8,2.84
9/20/2019,19.8,2.6,110,69.6,15.8,1.89
9/21/2019,18.5,1.5,110,91.5,19.3,1.03
9/22/2019,18.1,2.2,90,91.3,18.9,2.83
9/23/2019,19.1,2.2,320,74.5,16.3,3
9/24/2019,19.1,1.9,320,71.1,14.8,2.57
9/25/2019,19,1.7,140,73.3,15.4,1.48
9/26/2019,21.6,2,90,76.6,19.3,2.5
9/27/2019,22.2,1.8,110,80.8,21.4,1.83
9/28/2019,23.2,2,140,88.1,24.9,2.27
9/29/2019,24.9,1.2,320,75.3,23,1.57
9/30/2019,23.6,2,110,79.3,22.6,2.93
10/1/2019,22.8,1.1,140,91.3,25.3,2.65
10/2/2019,21.8,1.3,110,98.3,25.6,2.7
10/3/2019,23.2,1.3,290,80.1,22.4,2.68
10/4/2019,22.1,1.3,140,80.5,20.7,2.36
10/5/2019,21.4,1.7,110,73.9,18.7,2.73
10/6/2019,17.5,2.5,90,62.1,12.2,2.66
10/7/2019,15.4,1.3,290,92.9,16.2,2.29
10/8/2019,18,2.7,290,59.3,12.1,1.65
10/9/2019,14.8,1.8,290,53.5,8.3,2.6
10/10/2019,16.4,1.4,270,64.5,11.2,2.67
10/11/2019,18.9,2,110,64.1,13.6,0.38
10/12/2019,19.2,1.9,70,53.8,11.5,0.59
10/13/2019,16,1.5,110,63.6,11.2,1.39
10/14/2019,16.6,1.2,320,66.4,12,2.52
10/15/2019,14.1,1.3,110,75.5,12,1.92
10/16/2019,13.5,3.3,290,76.8,11.4,0.67
10/17/2019,14,2.7,90,79.5,12.4,2.75
10/18/2019,14.7,1,110,93.4,15.6,2.66
10/19/2019,17.2,2,270,79.6,15.1,2.37
10/20/2019,15.6,1,140,81.9,14,2.55
10/21/2019,15.5,1.2,110,79.6,13.5,2.19
10/22/2019,16,1.9,140,77.1,13.6,2.56
10/23/2019,16.4,1,90,76.8,14.1,2.46
10/24/2019,17.9,0.9,90,71.4,14.5,2.38
10/25/2019,19.2,1.1,290,60.1,13.1,2.37
10/26/2019,15.5,1,290,53,9.2,2.39
10/27/2019,12.3,1.3,290,51.1,7,2.18
10/28/2019,11.6,1.8,320,66.3,8.6,2.4
10/29/2019,14.3,1.7,320,60.8,9.4,2.25
10/30/2019,13.5,0.7,270,53.6,7.9,1.22
10/31/2019,14.1,0.9,270,67.1,10.3,2.3
11/1/2019,15.3,1.5,110,69.6,11.4,2.17
11/2/2019,14.2,1.7,290,78.3,12.3,2.25
11/3/2019,14.6,1.4,140,79.5,12.7,2.24
11/4/2019,13.4,1.1,90,69.5,10.5,2.23
11/5/2019,12.4,1.4,290,70.8,9.6,2.03
11/6/2019,12.5,1.7,290,66.9,9.1,2.14
11/7/2019,13,1.9,290,57.4,8.3,2.19
11/8/2019,10.2,2.9,270,52.3,5.8,0.43
11/9/2019,9.4,2.7,320,55.6,6,1.38
11/10/2019,9.4,3.1,270,70.9,8.2,1.25
11/11/2019,12.4,3.5,290,75.1,10.4,2.33
11/12/2019,10.9,3.8,290,73.4,9.1,1.88
11/13/2019,9.7,1.1,290,71.8,8.3,2.15
11/14/2019,4.6,0.9,290,38.5,3.2,2
11/15/2019,7,1,290,60.6,6,2.07
11/16/2019,11.8,1.3,270,76,10.2,2.02
11/17/2019,10.5,1.4,140,90.8,11.5,2.03
11/18/2019,11,0.9,290,60.3,8.6,1.93
11/19/2019,5.1,1.2,290,53.3,4.6,1.96
11/20/2019,4.3,0.9,290,45.9,3.6,1.77
11/21/2019,6,0.9,110,51.4,4.5,1.45
11/22/2019,9.8,4.6,110,72.4,8.6,1.49
11/23/2019,10.9,4.4,140,80,10.1,1.87
11/24/2019,13.9,3.1,290,74.5,11.6,1.92
11/25/2019,8.7,2,290,64.1,7.2,1.78
11/26/2019,9.8,3.1,90,65.9,7.8,2.04
11/27/2019,7.3,1.5,290,58.9,5.9,1.99
11/28/2019,5.6,1,110,72.9,6.6,1.97
11/29/2019,5.1,0.9,270,56.4,4.5,1.95
11/30/2019,6,2.3,290,61.8,5.9,0.26
12/1/2019,6.9,6.3,270,81.6,8,2.11
12/2/2019,4.9,2.3,290,54.5,4.8,1.99
12/3/2019,4,2.9,290,56.4,4.6,1.85
12/4/2019,4.8,3.1,290,58.5,4.8,1.91
12/5/2019,2,0.8,290,41,2.9,1.87
12/6/2019,-1.4,0.7,290,31,1.6,1.32
12/7/2019,2.4,1.2,290,47.9,3.6,1.83
12/8/2019,2.6,0.9,290,58.1,4.1,1.87
12/9/2019,2.5,0.9,270,65,4.6,1.56
12/10/2019,4.9,1.1,140,72,6.1,1.33
12/11/2019,7.2,1.5,290,64.5,6.4,1.63
12/12/2019,3.2,4.1,290,37.5,2.8,1.47
12/13/2019,2.3,3.5,320,42.6,2.9,2.02
12/14/2019,4.5,2,270,48,3.9,1.83
12/15/2019,5,1,90,62.3,5.4,1.74
12/16/2019,6.3,0.9,270,72.5,6.7,0.78
12/17/2019,9.1,6.3,320,75.3,8.7,1.87
12/18/2019,7.4,2.6,290,51,5.3,1.99
12/19/2019,4.1,3,290,34.5,2.8,1.89
12/20/2019,2.4,1.5,320,48.3,3.5,1.7
12/21/2019,0.9,1,290,57.9,3.7,1.71
12/22/2019,1.3,1.1,110,69.4,4.6,1.84
12/23/2019,3.6,1,290,67.8,5.2,1.76
12/24/2019,3.3,2,270,67.1,5.1,1.62
12/25/2019,4.6,5.1,290,62.4,4.9,2.03
12/26/2019,4.2,4.6,290,68.1,5.6,2.02
12/27/2019,1.9,3.7,290,44.3,3,1.96
12/28/2019,1.2,1.2,290,50.5,3.3,1.77
12/29/2019,0.6,2,110,71.6,4.6,1.78
12/30/2019,5.2,4.9,290,78.8,6.9,1.87
12/31/2019,-2.5,4.6,290,33,1.7,2.04
1/1/2020,0.2,3,270,53.3,3.4,2.07
1/2/2020,3.4,2.8,290,57.9,4.5,1.76
1/3/2020,3.6,2.5,290,54.3,4.2,1.77
1/4/2020,2.7,2.4,290,55.4,4,1.89
1/5/2020,2.2,1,290,53.6,3.5,1.98
1/6/2020,1.4,0.9,110,84.3,5.8,0.4
1/7/2020,7,1.1,270,97,9.8,0.46
1/8/2020,7.9,4.4,290,64.5,6.9,1.68
1/9/2020,3.2,3.5,290,54,4.1,1.85
1/10/2020,2.2,1.3,290,59.1,4,1.95
1/11/2020,3.3,2.4,290,50.4,3.9,1.94
1/12/2020,2.7,3.3,290,51.1,3.7,2.02
1/13/2020,2.1,3.4,290,48.1,3.4,2.15
1/14/2020,1.6,2.9,290,42.3,2.9,1.74
1/15/2020,0.9,2.7,270,47,3,2.07
1/16/2020,0.3,1.5,290,47.4,2.8,1.89
1/17/2020,1.4,0.9,290,51.8,3.4,1.43
1/18/2020,3.1,1.6,270,44.1,3.3,1.22
1/19/2020,3.2,2.2,290,49.4,3.7,1.92
1/20/2020,4.6,3.3,270,44.1,3.7,2.18
1/21/2020,1.9,1.7,290,36,2.4,2.17
1/22/2020,2.9,0.8,110,65.9,5,0.69
1/23/2020,5,0.8,290,95.4,8.3,0.92
1/24/2020,6.1,1.9,110,80.3,7.3,1.99
1/25/2020,7.2,1.9,90,68.8,6.9,0.92
1/26/2020,6.7,2.3,90,74.1,7.1,1.27
1/27/2020,6.2,4.1,90,85.3,8,0.29
1/28/2020,7.4,1.3,70,75,7.6,0.88
1/29/2020,6.2,1.3,90,75,7,1.31
1/30/2020,5.7,1.6,90,67.9,6.1,1.71
1/31/2020,4.4,1.1,320,66.8,5.5,1.42
2/1/2020,2.9,2,290,67.6,5,1.68
2/2/2020,3.6,1.2,290,61.5,4.6,2.15
2/3/2020,3.1,2.9,290,45.6,3.4,2.3
2/4/2020,1.9,1.8,290,42.5,2.8,2.41
2/5/2020,-1.5,4.5,290,30.8,1.8,2.5
2/6/2020,-2.1,1.8,290,39.3,2.1,2.22
2/7/2020,1.1,2.2,320,49.9,3.1,2.09
2/8/2020,2.9,3.7,290,46,3.4,2.31
2/9/2020,1.9,2.2,290,44.3,3,2.44
2/10/2020,5.5,2.1,270,46.8,4,2.19
2/11/2020,6.1,1.2,140,56.3,5.1,2.27
2/12/2020,8.1,1.7,110,90.5,9.8,0.51
2/13/2020,10.4,1.8,290,76,9.4,2.08
2/14/2020,10.7,1.4,140,63.4,7.6,2.43
2/15/2020,12,2.6,110,69.8,9.5,2.37
2/16/2020,5,4.8,320,64.1,6,2.08
2/17/2020,-1.6,5.7,290,51.9,2.8,2.19
2/18/2020,-0.2,3.5,290,44.8,2.6,2.68
2/19/2020,4.7,2,290,43.8,3.7,2.57
2/20/2020,6.1,1.1,250,53.3,4.8,2.45
2/21/2020,8.3,1.5,160,56.5,5.8,2.22
2/22/2020,8.2,4.7,270,46,4.9,2.66
2/23/2020,4.9,2.8,290,42.3,3.5,2.75
2/24/2020,8.1,1.1,290,40.3,4,2.43
2/25/2020,7,2.8,110,96.4,9.6,0.29
2/26/2020,8.3,1.9,110,82.8,8.9,1.83
2/27/2020,6.1,3.4,110,68,6.3,2.48
2/28/2020,4.5,1.4,140,90,7.6,0.98
2/29/2020,6.3,1.1,160,88.6,8.3,1.52
3/1/2020,9.4,1.5,290,78.5,9,2.41
3/2/2020,7.1,3.8,270,57,5.6,2.8
3/3/2020,7.7,2.8,110,73.1,7.5,2.37
3/4/2020,5.9,4.6,290,53,4.9,2.91
3/5/2020,3.7,3,290,51.8,4,2.88
3/6/2020,5.4,1.1,340,51.1,4.2,2.99
3/7/2020,5.7,1.2,270,78,7.3,1.01
3/8/2020,8.3,2,140,77.9,8.2,2.86
3/9/2020,9.1,1.5,140,83.4,9.5,1.99
3/10/2020,9,2.9,290,90.9,10.5,0.69
3/11/2020,6.4,4.5,290,48.1,4.5,3.08
3/12/2020,8.3,1.7,290,48.1,4.8,3
3/13/2020,9.4,2.4,290,47,5.4,2.5
3/14/2020,6.5,4.6,290,37.3,3.6,3.13
3/15/2020,6.2,4,290,48.4,4.5,2.44
3/16/2020,6.4,2.5,290,47.1,4.4,3.11
3/17/2020,10.5,2.6,270,53.6,6.6,2.89
3/18/2020,11.7,1.4,290,50.5,6.4,3.1
3/19/2020,10.8,4.4,290,52,6.8,2.83
3/20/2020,12,3.5,290,38.6,5.2,3.09
3/21/2020,15,1.5,290,54.1,9.1,2.78
3/22/2020,14.1,2.8,110,62.4,9.8,3.12
3/23/2020,11.5,3,290,56.9,6.9,3.14
3/24/2020,11.2,1.9,90,59,7.4,3.11
3/25/2020,13.1,1.5,180,57.4,8.3,3.02
3/26/2020,13.2,0.7,160,76.8,11.8,1.41
3/27/2020,14.6,2.1,320,87,14.6,1.28
3/28/2020,8.2,3.3,90,60.3,6.5,1.31
3/29/2020,8.7,2.6,90,70.3,7.8,2.84
3/30/2020,11.5,1.8,90,64,8.2,3.14
3/31/2020,12.8,1.5,110,64.5,8.8,3.05
4/1/2020,13.9,2.5,340,50.1,7.7,2.44
4/2/2020,12.6,2,290,39.4,5.5,3
4/3/2020,13.5,2.2,340,40.4,5.8,3.29
4/4/2020,10.8,2.9,110,54,6.7,3.21
4/5/2020,9.3,2,340,40.8,4.4,3.44
4/6/2020,11.3,1.7,270,43.9,5.2,3.35
4/7/2020,15.3,3.4,320,37.6,6.6,2.89
4/8/2020,12.2,3.9,320,45,5.9,3.41
4/9/2020,10.3,2.8,110,55.5,6.3,3.13
4/10/2020,11,2.1,140,60.8,7.8,2.35
4/11/2020,10.6,1.5,250,69.3,8.7,1.54
4/12/2020,9.2,2.6,90,76.8,8.8,1.89
4/13/2020,10.2,2.7,320,49.6,5.9,2.62
4/14/2020,14.6,2,290,39.9,5.8,3.45
4/15/2020,14.5,2.5,90,46,7.1,3.14
4/16/2020,12.8,4.1,90,67.4,9.7,3.18
4/17/2020,10.7,1.9,110,92.4,11.8,1.36
4/18/2020,14,2.8,290,73.3,11.3,3.06
4/19/2020,11.1,2.9,90,91.9,12,0.96
4/20/2020,13.6,3.4,290,73,11.1,3.38
4/21/2020,11.4,5.4,270,40.3,5.3,3.52
4/22/2020,8.5,5.3,290,41.3,4.5,3.56
4/23/2020,9.9,5.2,290,41,4.8,3.41
4/24/2020,11.8,3.8,290,29.8,3.9,3.54
4/25/2020,15.9,2.5,270,41.6,7.5,3.29
4/26/2020,13.6,3.2,290,51.1,7.6,3.55
4/27/2020,12.9,2.4,290,60.1,8,3.06
4/28/2020,15.2,2.3,290,46.1,7,3.44
4/29/2020,17.6,1.6,290,44.4,8.2,3.41
4/30/2020,18.9,2,270,57.9,12.3,3.49
5/1/2020,22.7,1.8,290,72.3,19,3.27
5/2/2020,22.7,1.9,270,67.6,17.9,3.03
5/3/2020,17.9,1.5,110,98,20.1,1.07
5/4/2020,21.5,3.4,110,76.4,18.9,3.2
5/5/2020,16.8,2.6,110,83.1,15.8,2.81
5/6/2020,17.5,3.3,90,67.5,13,3.42
5/7/2020,15.8,3.7,90,55.9,9.3,3.6
5/8/2020,17.6,2.2,110,64.4,12.3,3.41
5/9/2020,17,2.3,140,95.3,18.4,0.47
5/10/2020,18.9,3,290,69.5,15,3.24
5/11/2020,21.1,2.5,290,49.1,11.1,3.49
5/12/2020,20.2,4.1,290,42.1,9.6,3.36
5/13/2020,18.6,3,270,40.6,8.1,3.53
5/14/2020,19.9,1.3,250,41.3,9,2.75
5/15/2020,16.5,2.2,110,82.6,15.3,0.54
5/16/2020,19.3,1.8,140,80.5,17.6,3.11
5/17/2020,22,1.9,140,73.1,18.7,3.21
5/18/2020,19.8,3.1,110,80,18.2,2.34
5/19/2020,15.5,3.4,270,71.6,12.4,1.84
5/20/2020,15.6,2.8,140,57.4,10,3.62
5/21/2020,16.2,2.8,110,66.6,11.9,3.74
5/22/2020,17.1,3.3,110,66.4,12.7,3.27
5/23/2020,20.1,1.9,140,59.9,13.1,3.48
5/24/2020,21.6,2.3,270,61.4,15.6,2.68
5/25/2020,21.4,2.1,340,57.3,14.3,2.24
5/26/2020,21.6,1.7,290,55.4,13.6,3.09
5/27/2020,21.4,2.6,290,45.3,10.9,3.3
5/28/2020,21,1.9,110,47.4,10.9,3.55
5/29/2020,21.1,2.1,90,50.1,11.9,3.54
5/30/2020,21.7,2.2,110,49.6,12.3,3.03
5/31/2020,22.3,2,110,55.6,14.5,3.45
6/1/2020,23.6,3,290,47.8,13.5,3.62
6/2/2020,22.5,1.4,320,41.9,10.8,3.44
6/3/2020,24.1,1.7,290,56.5,16.7,3.52
6/4/2020,27.7,2.1,270,56.5,19.5,3.44
6/5/2020,25.9,2.7,140,61,19.6,2.91
6/6/2020,21.2,4.4,90,65.9,16.3,3.21
6/7/2020,23.5,2.4,110,53.9,14.6,3.41
6/8/2020,26.9,1.5,290,46.6,15.9,3.42
6/9/2020,28.7,1.5,250,46.3,17.3,3.4
6/10/2020,28.1,1.8,230,54.8,19.9,2.85
6/11/2020,25.5,1.5,340,77.4,24.3,3.37
6/12/2020,25.6,1.8,90,79.5,25.5,2.36
6/13/2020,24.6,1.3,110,81.5,24.7,3.09
6/14/2020,25.5,2.5,290,80.9,26,1.69
6/15/2020,25.9,2.4,290,53.9,17.4,3.5
6/16/2020,24.8,2,90,49.9,15.1,3.44
6/17/2020,23.3,1.4,140,54.4,15.2,2.26
6/18/2020,19.2,1.4,110,84.6,18.7,0.8
6/19/2020,22,2.1,110,70.6,18.1,3.63
6/20/2020,23.2,2.8,140,62.8,17.5,3.05
6/21/2020,22.2,3.4,110,64.1,16.6,3.15
6/22/2020,25.3,1.7,140,56.1,16.3,3.53
6/23/2020,26.3,1.9,90,53.4,17.1,3.48
6/24/2020,22.2,2.8,110,75.4,19.9,0.9
6/25/2020,23.8,1.1,110,86.1,25.1,1.36
6/26/2020,25.5,2.4,340,60.3,19,3.45
6/27/2020,26.1,1.3,340,59.4,19.3,2.95
6/28/2020,26.1,2.2,110,59.1,19.2,3.12
6/29/2020,22.1,3.1,110,82,21.6,1.37
6/30/2020,23.5,3.2,270,72.6,20.5,3.56
7/1/2020,22.2,2.2,290,69.1,18.2,2.25
7/2/2020,23.6,1.8,110,64.1,17.9,3.34
7/3/2020,20.7,2.7,110,73.9,17.8,1.14
7/4/2020,21.2,1.4,110,75.8,18.7,1.76
7/5/2020,23.7,0.9,90,70.1,20,3.32
7/6/2020,24.1,1.3,140,74.6,22.1,2.87
7/7/2020,26.5,1.8,340,70.4,23.9,2.77
7/8/2020,26.2,2.2,90,64.5,21.3,3.25
7/9/2020,24.4,3.6,110,74.3,22.3,3.2
7/10/2020,24,2.2,110,84,24.8,1.68
7/11/2020,25.5,2.3,110,71.6,23,2.79
7/12/2020,20.4,3.4,110,82.8,19.7,0.8
7/13/2020,19.2,4.1,110,89.3,19.8,0.83
7/14/2020,19.6,2.4,110,89.6,20.3,1.17
7/15/2020,19.2,2.6,110,83.8,18.5,2.13
7/16/2020,22.2,2.1,140,65.8,17,3.69
7/17/2020,22.7,2.9,140,65.9,17.5,3.49
7/18/2020,22.4,2.4,140,71,18.8,2.78
7/19/2020,24.3,2.9,140,78.4,23.8,1.07
7/20/2020,29.1,2.3,290,63.4,25.4,1.58
7/21/2020,26.9,1.6,290,64.9,22.4,3.41
7/22/2020,22.5,0.9,140,94.3,25.6,0.72
7/23/2020,21.7,3.5,110,91.8,23.7,0.66
7/24/2020,21.3,2.8,140,91.1,23,0.71
7/25/2020,21.9,1.2,110,93.6,24.5,2.07
7/26/2020,25,1.7,110,75,23.1,3
7/27/2020,22.6,2.9,140,89.9,24.6,1.01
7/28/2020,22.3,2.7,140,91.8,24.6,0.89
7/29/2020,23.1,2,140,94.4,26.6,0.78
7/30/2020,23.1,1,110,91.8,25.8,2.01
7/31/2020,26.1,1.2,290,81,26.9,3.63
8/1/2020,27.7,1.1,320,74.9,26.9,2.75
8/2/2020,28.6,1.3,270,69.6,26.8,2.17
8/3/2020,29.1,1.6,250,66.3,26.3,2.26
8/4/2020,29.3,1.6,270,66.8,26.5,2.77
8/5/2020,28.9,1.7,160,68.9,27.1,2.29
8/6/2020,28.5,2,290,72.6,27.9,1.56
8/7/2020,24.6,1,110,93.6,28.8,0.74
8/8/2020,23.7,1,110,96.9,28.3,0.39
8/9/2020,28.3,1.9,250,71.6,26.7,2.99
8/10/2020,26.1,1.7,270,90.1,30.3,1.58
8/11/2020,27.6,1.2,270,81.8,29.7,2.5
8/12/2020,28.7,1.1,290,79.4,30.6,2.29
8/13/2020,30.3,1.7,270,68.1,28.6,3.2
8/14/2020,31.2,2.3,270,64.3,28.4,3.08
8/15/2020,31.4,2.1,270,60.9,27.5,2.83
8/16/2020,30.4,1.5,320,64,26.9,3.1
8/17/2020,29.6,1.7,290,66.5,26.7,3.42
8/18/2020,30,1.5,340,63.3,25.8,3.27
8/19/2020,30.5,2.1,290,59.4,24.6,3.3
8/20/2020,29.6,1.7,140,60,23.9,3.26
8/21/2020,27.2,2.9,140,71.8,25.3,3.05
8/22/2020,26.9,3,140,69.8,24.4,2.63
8/23/2020,28.2,1.5,140,66.4,24.5,2.79
8/24/2020,28.5,1.6,160,67.8,25.6,3.02
8/25/2020,29.9,1.6,160,65.1,26.5,3.08
8/26/2020,29.4,4,110,67.8,27.5,3.07
8/27/2020,28.4,2.8,140,74.1,28.4,2.39
8/28/2020,28.8,1.7,200,73,28.6,2.49
8/29/2020,29.8,1.4,160,65.4,26.9,2.46
8/30/2020,28.6,2,110,70.9,27.2,2.52
8/31/2020,25.4,3.1,110,73.4,23.7,1.82
9/1/2020,25.6,2.5,110,72.6,23.8,1.67
9/2/2020,26.1,3.4,90,84.8,28.5,1.02
9/3/2020,27,5.6,90,57.8,20.2,3.24
9/4/2020,24.1,1.3,270,62,17.7,3.23
9/5/2020,19.9,1.9,110,85.3,19.7,0.53
9/6/2020,19.5,1.3,140,93.4,21.1,0.65
9/7/2020,23.4,4.3,270,72.4,20.6,1.04
9/8/2020,25.4,2.8,250,62,19.8,2.94
9/9/2020,23.9,1.6,290,70.9,20.4,2.54
9/10/2020,23.3,1.2,340,72.6,20.2,1.86
9/11/2020,21.7,2.4,90,81.8,20.9,1.64
9/12/2020,19.9,1.3,140,90.9,21,0.75
9/13/2020,20.9,1.7,140,76.1,18.5,2.34
9/14/2020,22.5,1.6,290,71,18.6,3.2
9/15/2020,22.9,1.7,90,71.5,19.4,2.96
9/16/2020,21.7,1.4,140,85.8,22.1,1.65
9/17/2020,21.5,0.9,290,87,22.1,1.04
9/18/2020,20.5,1.6,270,71.1,16.8,1.97
9/19/2020,20.5,1.7,250,63.1,14.4,2.9
9/20/2020,19.7,2.2,290,59.8,12.8,2.99
9/21/2020,18,1.7,110,69.3,13.6,2.43
9/22/2020,17.5,2.1,110,76.4,14.8,2.52
9/23/2020,18.7,2,110,69.8,14.8,2.06
9/24/2020,19.6,2,110,70.4,15.8,1.92
9/25/2020,19.7,1.5,70,70.4,15.6,2.11
9/26/2020,19.4,1.5,110,70.4,15.5,2.6
9/27/2020,18.8,1.9,110,68.6,14.6,2.04
9/28/2020,17.6,2,140,72.9,14.1,2.81
9/29/2020,18.3,1.2,320,67.8,13.4,2.62
9/30/2020,18.6,1.8,110,70.4,14.6,2.69
10/1/2020,18.4,2,90,74.1,15.2,2.79
10/2/2020,20.7,1.4,290,71.4,16.8,2.71
10/3/2020,21.5,1.1,320,75,18.7,2.5
10/4/2020,20.3,2,340,71.6,17.1,0.91
10/5/2020,15.8,3.9,290,43.5,7.7,2.85
10/6/2020,16.2,1.7,290,54.5,9.5,2.79
10/7/2020,17.1,2.7,110,66.3,12.6,2.81
10/8/2020,18.3,4.2,110,54.6,11.4,2.86
10/9/2020,18.6,3.8,90,56,11.9,2.18
10/10/2020,18.1,2,110,62.5,12.8,1.91
10/11/2020,16.5,1.1,110,71.5,13.1,2.52
10/12/2020,17.5,1.6,290,72,13.9,2.09
10/13/2020,16,2.5,290,53,9.4,2.65
10/14/2020,13.7,1.6,340,64.5,9.7,2.45
10/15/2020,14.5,1.7,140,55.3,8.9,2.5
10/16/2020,13.4,0.9,340,72.9,11,1.05
10/17/2020,14.5,1.4,320,70.4,11.1,2.45
10/18/2020,14.1,1.4,270,63.9,9.4,2.67
10/19/2020,14.2,1.2,140,69,10.6,2.48
10/20/2020,14.7,1.7,110,71.9,11.3,2.54
10/21/2020,13.7,1,320,86.9,13.5,1.29
10/22/2020,15,2.2,290,75.9,12.9,1.2
10/23/2020,11.7,4,290,45.4,6.1,2.6
10/24/2020,11.3,3.9,290,41.3,5.3,2.57
10/25/2020,14,2.5,290,53.5,8.2,2.51
10/26/2020,13.4,1.1,270,61.6,8.9,2.35
10/27/2020,13.4,0.9,290,65.8,9.5,2.15
10/28/2020,16.1,2.2,290,50.8,9.1,1.9
10/29/2020,12,1.2,290,53.6,7.2,2.58
10/30/2020,11.7,1.9,140,70.1,9.2,2.37
10/31/2020,11.4,1.1,290,69,8.8,2.08
11/1/2020,12.1,0.8,290,86.6,12.2,0.52
11/2/2020,13,1.6,290,62.6,9.1,2.09
11/3/2020,7.5,4,290,46.4,4.7,2.38
11/4/2020,6.7,3.1,290,39.4,3.6,2.41
11/5/2020,8.7,0.9,140,49.4,5.4,2.22
11/6/2020,12.1,0.8,110,56.9,7.9,0.43
11/7/2020,14.4,1.9,320,58.9,9.1,2.08
11/8/2020,11.2,3,320,39.4,5,2.23
11/9/2020,8.2,3.3,290,34.1,3.7,2.3
11/10/2020,9.4,1.8,290,42.5,4.8,2.24
11/11/2020,8.2,1.1,110,52,5.3,2.17
11/12/2020,9.4,1.1,290,59.3,6.5,2.12
11/13/2020,10.9,1.1,270,57.3,7.1,1.93
11/14/2020,11.3,1.8,110,71.6,9.4,2.01
11/15/2020,10.9,1,270,76.6,9.6,1.91
11/16/2020,12.3,1.7,110,70.1,9.5,2.04
11/17/2020,14.7,1.1,290,75.3,12.4,1.63
11/18/2020,18.9,2.1,160,74.6,16,1.36
11/19/2020,19.4,3,290,78,18.1,1.56
11/20/2020,9.4,4.1,340,62.8,7.4,2.11
11/21/2020,7.1,1.6,140,72.4,7.3,1.05
11/22/2020,9.2,2.7,290,74.4,8.6,0.74
11/23/2020,5.9,3,290,49.1,4.5,2.06
11/24/2020,5.6,1.2,140,58.4,5.2,1.71
11/25/2020,7.2,2.4,290,53.5,5.2,2.04
11/26/2020,8.8,1.8,140,63.8,7.2,1.78
11/27/2020,8.2,3.6,290,55.1,6,1.87
11/28/2020,3.6,3.1,290,44.9,3.5,2.02
11/29/2020,3.8,3.2,320,53.6,4.3,1.96
11/30/2020,3.8,3.1,320,47.9,3.8,2.01
12/1/2020,3,1.6,290,46.6,3.3,1.96
12/2/2020,4.1,1.3,270,47.6,3.7,1.51
12/3/2020,4.6,3.2,320,40.3,3.4,1.89
12/4/2020,2.7,2.9,290,42.4,3.1,1.99
12/5/2020,3.3,2.2,290,60.3,4.6,1.77
12/6/2020,4.1,1.5,290,65.6,5.2,1.94
12/7/2020,4.5,2,320,64.4,5.3,1.74
12/8/2020,2.5,2.5,290,48,3.4,1.8
12/9/2020,1.9,1.2,270,48.3,3.1,1.89
12/10/2020,5.9,1.2,290,54.9,5.2,1.74
12/11/2020,6.8,1.2,290,62.5,6,1.45
12/12/2020,5.8,3,290,43.6,4,1.86
12/13/2020,2.5,2.4,320,53.9,4,1.26
12/14/2020,-3.2,4.4,290,33.5,1.6,2.01
12/15/2020,-4.4,4.4,290,36,1.6,2.02
12/16/2020,-3.6,4.5,290,40.9,1.9,1.99
12/17/2020,-1.9,3.2,290,43,2.2,1.95
12/18/2020,0.5,2.5,290,49.5,3.2,1.45
12/19/2020,-1.4,3.7,290,34.3,1.9,2.01
12/20/2020,-0.2,2.7,290,43.4,2.5,1.93
12/21/2020,0.5,1.9,290,58,3.7,1.84
12/22/2020,1.8,1.6,290,64.4,4.3,1.65
12/23/2020,2,1,320,68.3,4.7,1.44
12/24/2020,4.5,2.9,290,55,4.5,1.68
12/25/2020,1.4,3.7,290,50.5,3.4,1.95
12/26/2020,1.7,0.8,270,61.4,4.1,1.76
12/27/2020,2.4,1,320,79.5,5.8,1.21
12/28/2020,3.8,0.8,140,87.4,6.8,1.78
12/29/2020,3.2,2.1,290,81.5,6.1,1.76
12/30/2020,-5.6,6.2,290,50.5,2.1,2.05
12/31/2020,-5.1,3.8,290,50.4,2.2,2.02
1/1/2021,-1.8,1.9,290,66.4,3.6,1.75
1/2/2021,-0.9,3.1,290,50.9,2.8,1.98
1/3/2021,-1.3,4,290,42.5,2.4,1.86
1/4/2021,-0.3,1.4,290,51.8,3,1.83
1/5/2021,-1.1,3.2,320,47.9,2.8,1.71
1/6/2021,-4,2.7,290,47.6,2.2,1.95
1/7/2021,-8.7,5.3,290,40.3,1.4,2.24
1/8/2021,-10.4,4.6,290,41.3,1.1,2.1
1/9/2021,-8,4.2,290,45.1,1.5,2.05
1/10/2021,-4.7,2.3,290,51.4,2.2,2.04
1/11/2021,-4.2,1.2,290,62.8,2.8,0.86
1/12/2021,-1.5,1.3,290,60,3.2,2
1/13/2021,3.6,1.4,270,57,4.3,1.82
1/14/2021,4.4,1.2,140,51.1,3.8,2
1/15/2021,8.3,2,320,55.6,6.2,1.58
1/16/2021,1.7,3.9,290,47.8,3.3,1.97
1/17/2021,-2.8,3.4,320,42.5,2.1,2.17
1/18/2021,-1.9,2.4,290,60,3.3,1.72
1/19/2021,-2.6,1.7,320,43,2.1,2.15
1/20/2021,-0.8,0.9,110,53.3,3.1,2.04
1/21/2021,4.5,0.7,290,71.8,6.2,1.94
1/22/2021,8.2,1,110,94,10.2,1.01
1/23/2021,9.3,3.3,110,86.3,10,0.98
1/24/2021,8,1.6,110,78,8.3,0.85
1/25/2021,7.4,2.2,110,78,7.9,1.86
1/26/2021,6.1,1.6,290,92.5,8.7,0.42
1/27/2021,5.8,2.7,290,58,5.2,2.2
1/28/2021,1.2,4.1,290,67,4.6,2.16
1/29/2021,-4.4,5.6,290,46.9,2.1,2.33
1/30/2021,0.9,2.1,290,55.6,3.8,1.81
1/31/2021,4.5,1.2,90,62.5,5.2,2.17
2/1/2021,7.1,1.4,290,90.3,9.1,0.7
2/2/2021,-0.4,5.1,290,43.4,2.6,2.43
2/3/2021,-1,2.4,320,48.1,2.7,2.39
2/4/2021,1.4,3.1,290,51.4,3.4,2.44
2/5/2021,1.5,1.1,290,54.5,3.6,1.61
2/6/2021,5.2,1.1,290,62,5.5,2.17
2/7/2021,6.6,2.2,320,62.4,5.9,2.14
2/8/2021,0.4,4.6,290,42.5,2.7,2.49
2/9/2021,1.6,3.5,290,42,2.9,2.51
2/10/2021,3.9,1.9,290,56.1,4.5,2.25
2/11/2021,5.8,1.2,160,65,5.8,1.92
2/12/2021,7.7,1,270,60.6,6,2.46
2/13/2021,8.6,1,290,55.6,5.8,2.4
2/14/2021,7.7,1,110,82.8,8.8,1.21
2/15/2021,5.9,4.4,290,67.4,6.7,2.31
2/16/2021,-0.1,4.1,290,55.5,3.4,2.5
2/17/2021,-4.8,6.6,290,47.5,2,2
2/18/2021,-4.4,3.9,290,58.8,2.6,2.66
2/19/2021,4.3,2.9,270,48.6,4,2.59
2/20/2021,11.3,2.5,290,54.4,7.2,2.31
2/21/2021,14.3,2.3,270,54,8.4,2.49
2/22/2021,13.7,2.5,320,50.3,7.9,2.38
2/23/2021,5.9,3.2,320,33.5,3.1,2.64
2/24/2021,5.5,2,110,53.3,4.9,2.19
2/25/2021,5,1.1,140,89.4,7.8,0.95
2/26/2021,8.3,3.2,110,74.5,7.9,2.47
2/27/2021,6.7,4.7,90,69.3,6.8,1.53
2/28/2021,7.4,1.1,270,84.4,8.7,1.89
3/1/2021,8.9,3,110,99.8,11.6,0.74
3/2/2021,2.6,1.7,140,88.9,6.5,1.05
3/3/2021,4.1,1.2,140,77.8,6.2,2.71
3/4/2021,5.9,0.9,270,90.4,8.4,1.4
3/5/2021,10.6,1.3,290,74.8,9.1,2.81
3/6/2021,6.2,4,110,82.3,7.8,1.89
3/7/2021,5.5,2.2,110,77.3,6.9,2.01
3/8/2021,6.3,2.7,110,77.5,7.1,2.86
3/9/2021,9,2,290,64.8,7,2.61
3/10/2021,8.8,3.5,110,57.6,6.5,2.93
3/11/2021,10,1.1,140,63.6,7.5,2.58
3/12/2021,9,1.2,270,93.4,10.6,0.51
3/13/2021,9.8,1.5,140,77.1,8.9,2.74
3/14/2021,10.5,1.7,270,72.8,8.9,2.83
3/15/2021,12.5,1.6,290,68.5,9.5,2.89
3/16/2021,14.9,3.2,290,54.1,8.9,2.99
3/17/2021,10.5,2.6,110,61.9,7.9,2.94
3/18/2021,10.4,3.6,110,75.6,9.4,2.91
3/19/2021,11.2,4.2,90,68.1,9,2.88
3/20/2021,9.9,2.3,110,92.1,11.2,0.64
3/21/2021,8.8,5.3,320,61.5,7,2.55
3/22/2021,7.9,4.7,290,46.6,4.9,3.17
3/23/2021,11.4,2.2,270,49.4,6.4,3.07
3/24/2021,11.5,1,290,54.9,7.2,2.63
3/25/2021,14.1,1.6,270,54,8.1,3.08
3/26/2021,15.3,1.6,110,52.6,8.5,3.02
3/27/2021,12.7,2.2,140,84.8,12.7,1.32
3/28/2021,15.8,3.1,290,72.9,12.9,2.72
3/29/2021,15.1,3.1,340,51,8.5,2.87
3/30/2021,14.6,2.6,270,39.5,6.4,3.23
3/31/2021,13.6,2.1,110,58.6,8.6,3.17
4/1/2021,13.5,5.2,90,63.1,9.6,2.91
4/2/2021,14.7,4.5,110,69,11.5,2.85
4/3/2021,14.5,2.3,140,91.1,15,1.36
4/4/2021,9.7,3.7,110,86.6,10.5,0.78
4/5/2021,9.9,2.3,140,63.9,7.3,3.36
4/6/2021,13.2,2.3,320,57,7.9,3.32
4/7/2021,17.1,2.2,320,42.8,8.1,3.31
4/8/2021,14.6,2,140,54.1,8.4,3.41
4/9/2021,9.2,3.5,110,75.6,8.7,2.56
4/10/2021,10.6,2.3,90,63.8,7.6,3.26
4/11/2021,13.6,1.9,110,56.9,8.2,3.28
4/12/2021,11.8,2,140,85.1,11.9,0.85
4/13/2021,15.1,3.5,320,70.3,12.1,2.94
4/14/2021,11.1,3.8,290,49.9,6.3,3.54
4/15/2021,11.9,1.5,140,52.6,7,2.8
4/16/2021,13.7,1.6,270,67.4,10.4,2.54
4/17/2021,13.5,3.5,290,52.6,8.1,3.1
4/18/2021,12.6,3.9,290,51,7.3,3.32
4/19/2021,16.6,3.5,290,43,7.9,3.48
4/20/2021,18.9,3,290,44,9.4,3.3
4/21/2021,19.9,1.6,340,55,12,3.32
4/22/2021,20.2,3,110,51.5,11.7,3.01
4/23/2021,15.8,4.4,110,64,11.4,1.59
4/24/2021,16.7,3.3,110,62.9,11.8,3.42
4/25/2021,14.4,4.3,140,63.3,10.1,3.49
4/26/2021,13.6,2.3,90,63.1,9.3,3.52
4/27/2021,15.8,1.5,290,58.5,10.1,2.89
4/28/2021,18.1,1.9,320,56.5,11.2,2.97
4/29/2021,18.3,2.5,290,52.6,10.7,3.18
4/30/2021,16.9,4.1,290,57.5,10.7,3.45
5/1/2021,12.1,3.9,290,77.3,10.7,2.01
5/2/2021,13.6,3.2,290,68,10.2,3.75
5/3/2021,16.5,1.8,290,64.1,11.3,3.51
5/4/2021,17,1.6,110,85,16.4,1.12
5/5/2021,18.5,4.1,290,53.6,11.1,3.61
5/6/2021,16.9,1.3,180,52.1,9.6,3.59
5/7/2021,18.1,2.4,270,43.5,9,2.51
5/8/2021,18.1,2.9,270,36.9,7.3,3.46
5/9/2021,19,3.9,290,30.3,6.2,3.55
5/10/2021,13.8,1.3,340,66.5,10.4,1.24
5/11/2021,15.1,3.1,110,69.4,11.5,1.92
5/12/2021,17.3,4.3,110,58.6,11.3,3.03
5/13/2021,20.4,2.2,110,53.1,11.8,3.39
5/14/2021,22,2.4,110,59.3,15,3.36
5/15/2021,19.9,1.7,140,85.6,20,0.89
5/16/2021,20.1,2.1,140,92.9,22.1,0.81
5/17/2021,14.4,3.6,140,93.4,15.3,0.92
5/18/2021,17.7,1.3,140,81,16,2.48
5/19/2021,22.5,1.5,290,57.4,14.3,3.56
5/20/2021,16.3,2.6,110,85.1,15.6,0.73
5/21/2021,17.6,2.7,290,69.6,13.8,2.47
5/22/2021,21,2.8,290,57.6,13.8,3.47
5/23/2021,23.6,1.5,290,52.5,14.4,3.41
5/24/2021,22.3,2.4,340,49.8,13.2,3.41
5/25/2021,18,3.1,290,43.5,8.5,2.99
5/26/2021,18,1.3,230,44.3,8.7,2.81
5/27/2021,18.9,2.5,270,55.9,11.8,2.19
5/28/2021,16.7,1.8,290,71.6,12.9,3.47
5/29/2021,20.4,2.8,290,49.4,11.3,3.59
5/30/2021,20.6,1.7,90,56.5,12.8,3.49
5/31/2021,20.7,2.2,110,67.1,15.8,3.37
6/1/2021,22.8,2.1,140,57.6,15.1,3.07
6/2/2021,23.8,1.4,140,51.9,14.4,3.22
6/3/2021,18.7,1.7,140,88.4,19,0.65
6/4/2021,21.3,2.7,290,53.9,12.9,3.4
6/5/2021,23.1,2.1,290,51.8,14.1,3.32
6/6/2021,23.9,1.3,290,62.1,17.6,2.86
6/7/2021,25.3,1.3,340,56.3,17,3.2
6/8/2021,25.4,1.8,140,54,16.7,3.38
6/9/2021,25.3,2.6,110,50.5,15.5,3.36
6/10/2021,24.2,2.6,140,57.1,16.8,3.2
6/11/2021,22.1,1.4,110,84.8,22.4,1.19
6/12/2021,24.1,2.4,110,74.8,22,2.33
6/13/2021,25.4,2.2,90,69,21.7,3.01
6/14/2021,23.9,2.9,110,69.4,20.1,2.55
6/15/2021,21.4,2.9,110,76,19.2,1.04
6/16/2021,20.4,3.5,110,73.5,17.5,1.55
6/17/2021,20,2.5,110,70.6,16.4,3.02
6/18/2021,22.3,1.3,270,73.6,19.5,2.18
6/19/2021,25.3,1.8,140,51.1,15.4,3.41
6/20/2021,25.9,2,290,47.1,14.3,3.55
6/21/2021,23.9,3.1,110,50.9,14.4,3.46
6/22/2021,20.7,3.4,110,67.3,16.3,3.41
6/23/2021,20.4,3.4,110,68.9,16.3,3
6/24/2021,23,1.8,140,62,17,2.97
6/25/2021,23.5,1.5,110,70.6,19.6,3.44
6/26/2021,22.8,1.3,140,72.9,19.8,2.69
6/27/2021,24,3.3,110,63,18.1,3.43
6/28/2021,23.9,3.2,90,64.3,18.7,2.61
6/29/2021,24.6,1.9,90,64,19,3.11
6/30/2021,24.4,2.3,110,67,20.1,2.6
7/1/2021,25.1,2.9,140,57.4,17,3.44
7/2/2021,24,3.8,140,69,20.3,3.28
7/3/2021,22.7,3.9,110,78.8,21.5,1.15
7/4/2021,27.8,2.9,270,64.4,23.3,3.59
7/5/2021,23.8,1.7,270,74.3,21.6,1.31
7/6/2021,22.6,1.2,140,90.3,24.6,1.15
7/7/2021,24.2,0.7,110,95,28.5,0.85
7/8/2021,24.9,2,110,80.1,24.8,3.2
7/9/2021,24.7,2,140,84,25.7,2.47
7/10/2021,25.6,1.4,340,76.8,24.5,2.4
7/11/2021,25.7,1.6,320,74.5,23.8,3.21
7/12/2021,27.3,1.2,270,70.6,24.6,3.19
7/13/2021,28.7,1.1,180,64.8,24.7,2.72
7/14/2021,29.9,1.1,290,60.5,24.6,3.16
7/15/2021,27.5,1.8,290,70.9,25.5,3.43
7/16/2021,27.1,2.6,110,67.9,23.7,3.27
7/17/2021,26.7,2.8,110,65.5,22.6,3.01
7/18/2021,26.7,2.1,110,68,23.5,2.63
7/19/2021,27.2,1.3,110,69,24.4,2.6
7/20/2021,28.8,2,110,61.5,23.5,2.99
7/21/2021,27.5,2.9,140,64,23,3.35
7/22/2021,28,3.2,90,62.4,23.3,2.84
7/23/2021,27.8,2.6,90,65.9,24.1,2.73
7/24/2021,28.1,3,110,64.5,24.1,2.83
7/25/2021,28,2.4,110,68.4,25.2,2.67
7/26/2021,28.5,2.6,90,58.9,21.6,3.57
7/27/2021,28.1,2.6,90,62,22.7,2.84
7/28/2021,28.2,2.3,110,62.8,23.2,3.64
7/29/2021,29.5,1.5,110,58.4,22.9,3.56
7/30/2021,30.6,1.3,230,53.5,22.4,3.11
7/31/2021,29.9,1.5,110,62.9,25.5,3.18
8/1/2021,28.1,1.4,110,78.6,29.2,2.9
8/2/2021,27.7,1.3,270,80.4,29.4,2.41
8/3/2021,29,1.3,110,69.3,26.9,3.22
8/4/2021,30.1,1.1,140,65.1,26.8,3.14
8/5/2021,30.8,1.4,110,62.9,27,3.31
8/6/2021,30.2,1.8,270,61.8,25.4,3.38
8/7/2021,29.1,1.6,270,68.1,26.7,3.44
8/8/2021,25.4,1.8,110,82.8,26.6,1.15
8/9/2021,27.4,2.5,110,58.5,20.7,2.51
8/10/2021,23.5,2.4,140,80.6,23,2.73
8/11/2021,25.6,1.4,140,76.1,24.1,3.01
8/12/2021,26.1,2.4,110,71.3,23.4,2.9
8/13/2021,25.7,2.3,110,69.4,22.6,2.4
8/14/2021,23.3,1.4,70,79.6,22.5,1.86
8/15/2021,23.5,1.7,110,74,21.2,2.12
8/16/2021,23.5,2.2,110,68.4,19.5,2.49
8/17/2021,23.6,1.5,140,70.3,20.2,1.36
8/18/2021,23.1,1.8,110,76.3,21.3,1.62
8/19/2021,24.3,1.3,110,67.6,20.3,1.62
8/20/2021,25,1.8,160,67.6,20.5,2.64
8/21/2021,23.1,2.3,140,88.3,24.8,0.71
8/22/2021,26.1,1.4,270,70.6,23,2.35
8/23/2021,23.1,1.6,110,87.8,24.7,0.76
8/24/2021,24.4,1.6,110,87,26.4,0.8
8/25/2021,25.3,1.1,110,85.6,27.5,0.98
8/26/2021,27.4,1.2,290,64.6,22.2,3.16
8/27/2021,23.7,1.2,290,84.3,24.4,1.6
8/28/2021,25.6,1.4,290,61.8,19.3,3.04
8/29/2021,23.6,1.3,290,78,22.5,1.99
8/30/2021,25.2,1.2,340,68.4,21.1,2.61
8/31/2021,24.4,1.9,140,74,22,2.87
9/1/2021,21.9,2.4,140,90.8,23.8,1.79
9/2/2021,21.8,2.5,90,77.1,19.8,1.99
9/3/2021,20.5,1.4,140,86.5,20.7,2.32
9/4/2021,22.4,2,110,66.4,17.5,3.05
9/5/2021,21.8,1.7,110,68.5,17.6,1.45
9/6/2021,21.8,2.3,90,78.3,20.1,2.65
9/7/2021,22.2,1.2,290,86,23,1.5
9/8/2021,23.7,1.7,320,68.8,19.6,3.1
9/9/2021,23.7,0.9,320,67.1,18.8,2.92
9/10/2021,22.6,0.9,340,75.5,20.4,1.22
9/11/2021,23.8,1,340,65.4,17.9,3.07
9/12/2021,24.3,2,110,65.3,18.9,2.9
9/13/2021,23.1,3.4,90,66.3,18.5,1.91
9/14/2021,22.5,3.5,90,68.9,18.6,1.22
9/15/2021,22.7,3.9,110,61.6,16.7,3.19
9/16/2021,22.2,2.9,90,71.6,18.9,2.42
9/17/2021,20.5,2.5,110,82.5,19.7,1.12
9/18/2021,21.5,1.6,110,79.1,19.9,3.18
9/19/2021,21.7,2.1,90,76.3,19.1,2.84
9/20/2021,21.7,2.6,110,79.1,20.1,1.89
9/21/2021,22.9,1.5,140,90.6,25,1.03
9/22/2021,24.1,2.2,270,67.4,19.2,2.83
9/23/2021,21.6,2.2,290,63.6,15.9,3
9/24/2021,19.7,1.9,110,82.1,18.3,2.57
9/25/2021,20.6,1.7,110,84.8,20.4,1.48
9/26/2021,20.5,2,90,74.1,17.6,2.5
9/27/2021,20.4,1.8,110,73.1,17.4,1.83
9/28/2021,21.8,2,140,75.8,19.6,2.27
9/29/2021,22.4,1.2,140,93.9,25.2,1.57
9/30/2021,21.9,2,110,82,21,2.93
10/1/2021,21.6,1.1,290,77.8,19.3,2.65
10/2/2021,22.3,1.3,320,71.3,18.2,2.7
10/3/2021,22.4,1.3,110,71,18.1,2.68
10/4/2021,24.3,1.3,270,67.8,20.1,2.36
10/5/2021,24,1.7,140,74.5,21.3,2.73
10/6/2021,22.1,2.5,90,80.4,21,2.66
10/7/2021,23.3,1.3,290,73.8,20.3,2.29
10/8/2021,22.2,2.7,140,79.8,21.2,1.65
10/9/2021,23.4,1.8,110,81.8,23.1,2.6
10/10/2021,25.1,1.4,270,75.1,23.1,2.67
10/11/2021,17.8,2,290,88.4,17.9,0.38
10/12/2021,15.9,1.9,110,91,16.4,0.59
10/13/2021,18.2,1.5,110,80.9,16.6,1.39
10/14/2021,19.6,1.2,270,81.5,18,2.52
10/15/2021,19.2,1.3,140,81.3,17.6,1.92
10/16/2021,14.3,3.3,290,64.4,11.1,0.67
10/17/2021,7.9,2.7,290,45.4,4.7,2.75
10/18/2021,9.2,1,320,59.6,6.3,2.66
10/19/2021,11.6,2,290,65.8,8.8,2.37
10/20/2021,10.7,1,320,68.8,8.4,2.55
10/21/2021,11.4,1.2,140,79,10.4,2.19
10/22/2021,11.8,1.9,50,65.6,8.6,2.56
10/23/2021,11.7,1,270,68.1,8.7,2.46
10/24/2021,11.8,0.9,290,70.8,9.2,2.38
10/25/2021,12.4,1.1,340,67.9,9.1,2.37
10/26/2021,12,1,290,67,8.8,2.39
10/27/2021,14.1,1.3,320,61.6,9.5,2.18
10/28/2021,13.9,1.8,110,57.6,8.8,2.4
10/29/2021,12.8,1.7,110,70.5,10,2.25
10/30/2021,11.8,0.7,110,79.3,10.7,1.22
10/31/2021,12.8,0.9,270,70.1,9.7,2.3
11/1/2021,14.3,1.5,320,64.3,10.1,2.17
11/2/2021,13,1.7,320,64.5,9.2,2.25
11/3/2021,12.2,1.4,290,67.6,9.1,2.24
11/4/2021,12.3,1.1,290,64.6,8.8,2.23
11/5/2021,12.5,1.4,110,73.5,10.4,2.03
11/6/2021,13,1.7,90,72.1,10.2,2.14
11/7/2021,14.2,1.9,90,71.3,11.1,2.19
11/8/2021,10.9,2.9,290,76.9,10.2,0.43
11/9/2021,9,2.7,290,61.5,7,1.38
11/10/2021,8.1,3.1,290,68.3,7.3,1.25
11/11/2021,8.7,3.5,290,55.1,6.1,2.33
11/12/2021,7.4,3.8,290,55.8,5.7,1.88
11/13/2021,7.8,1.1,290,70,7.1,2.15
11/14/2021,9.6,0.9,270,72.3,8.3,2
11/15/2021,9.7,1,270,65.9,7.4,2.07
11/16/2021,9.3,1.3,290,61,6.7,2.02
11/17/2021,9.6,1.4,290,53.6,6,2.03
11/18/2021,10.5,0.9,290,62.6,7.7,1.93
11/19/2021,11,1.2,290,72.5,9.1,1.96
11/20/2021,10.7,0.9,270,76.6,9.5,1.77
11/21/2021,11.4,0.9,110,77.4,10.2,1.45
11/22/2021,7.4,4.6,290,57.4,6.1,1.49
11/23/2021,4.4,4.4,290,51.4,4.3,1.87
11/24/2021,7.7,3.1,290,48,5,1.92
11/25/2021,9,2,290,53.9,5.8,1.78
11/26/2021,7.2,3.1,290,43.3,4.2,2.04
11/27/2021,5.9,1.5,290,49.9,4.5,1.99
11/28/2021,5.2,1,340,60.1,5,1.97
11/29/2021,7.2,0.9,290,53.1,4.9,1.95
11/30/2021,5.7,2.3,290,78.1,7.3,0.26
12/1/2021,2.4,6.3,290,39.6,2.9,2.11
12/2/2021,2.6,2.3,290,53.6,3.9,1.99
12/3/2021,4.8,2.9,290,54.4,4.6,1.85
12/4/2021,4.2,3.1,290,52,4.3,1.91
12/5/2021,3.7,0.8,270,72.8,5.6,1.87
12/6/2021,5.1,0.7,250,78.4,6.7,1.32
12/7/2021,7.5,1.2,340,67.4,6.5,1.83
12/8/2021,6.6,0.9,90,72.8,6.8,1.87
12/9/2021,6.5,0.9,290,79,7.5,1.56
12/10/2021,8,1.1,250,80.1,8.4,1.33
12/11/2021,8.9,1.5,200,71.4,7.9,1.63
12/12/2021,6.6,4.1,290,52.9,5.3,1.47
12/13/2021,0.5,3.5,270,31,1.9,2.02
12/14/2021,3.7,2,270,53,4.2,1.83
12/15/2021,6.1,1,290,68.6,6.3,1.74
12/16/2021,6.3,0.9,270,80,7.6,0.78
12/17/2021,0.5,6.3,290,42.9,2.9,1.87
12/18/2021,-3.4,2.6,290,38.6,1.9,1.99
12/19/2021,1.2,3,290,52.8,3.4,1.89
12/20/2021,4.8,1.5,270,58.5,5,1.7
12/21/2021,6.3,1,290,67.5,6.2,1.71
12/22/2021,4.3,1.1,110,54.9,4.1,1.84
12/23/2021,3.3,1,340,52.6,3.8,1.76
12/24/2021,4.2,2,320,59.6,4.8,1.62
12/25/2021,-4.7,5.1,290,38.6,1.7,2.03
12/26/2021,-7.1,4.6,290,39,1.4,2.02
12/27/2021,-2.1,3.7,290,46.6,2.6,1.96
12/28/2021,2.1,1.2,270,67.6,4.7,1.77
12/29/2021,3.5,2,290,61.9,4.7,1.78
12/30/2021,1.1,4.9,290,45.4,3,1.87
12/31/2021,-2.5,4.6,270,33.5,1.7,2.04
